id;user_id;first_name;last_name;dob;gender;image_url
1;parse;Gladyce;McKenzie;Outdoors RSS;indigo salmon;programming even-keeled orchid
2;PCI;Chaim;Goyette;optical Maine;Flat;Field Planner
3;firewall Table e-services;Nora;Kohler;transmit Cedi;IB Yemen;Soap redundant
4;Concrete;Rose;Abbott;generate e-services;neural circuit;innovative Multi-tiered
5;Baby functionalities;Serena;Kessler;Realigned Ngultrum;synergistic Account;Fundamental
6;Future Practical Generic;Gaylord;Reichel;Afghanistan;Soft target;connect relationships
7;Fresh Borders;Julian;Hintz;Regional Senegal Practical;ivory collaboration;Front-line Dynamic Markets
8;real-time aggregate Vista;Ethyl;Lind;Republic monitoring tan;Analyst Shirt;Factors
9;parsing;Ebba;Barrows;CSS quantifying;deposit;withdrawal generating Ville
10;Implementation parsing deposit;Leonel;Kessler;impactful;navigating;Borders Indian niches
