id;type;name;email;phone;user_id;message
1;monitor mobile Quality;innovate Summit interface;Keanu90@hotmail.com;(293) 352-5190;hacking Small sticky;../fake-data/blob/hipster.txt
2;Sleek Saudi;ivory panel Cotton;Ned.Okuneva@yahoo.com;477-768-2554 x35356;deposit;../fake-data/blob/hipster.txt
3;Rubber;Account;Amalia.Runolfsdottir@gmail.com;880-862-4511 x17345;e-enable Card;../fake-data/blob/hipster.txt
4;Loan;evolve Generic;Sebastian23@gmail.com;(930) 746-2835 x4217;Gibraltar;../fake-data/blob/hipster.txt
5;Nebraska;Awesome capacitor;Chaya.Feest@gmail.com;1-764-612-7415;feed;../fake-data/blob/hipster.txt
6;Divide;Borders;Paxton.Schmeler7@hotmail.com;655-500-4035;bluetooth;../fake-data/blob/hipster.txt
7;impactful;Cambridgeshire;Jadyn53@hotmail.com;(409) 535-5870;initiative Corporate Optimization;../fake-data/blob/hipster.txt
8;rich generating;Avon;Leola.Hyatt@yahoo.com;550.483.2443;Plastic motivating;../fake-data/blob/hipster.txt
9;contextually-based Concrete Missouri;quantifying Industrial;Angel12@yahoo.com;723.823.3564;context-sensitive Account Concrete;../fake-data/blob/hipster.txt
10;Brand vortals;of turquoise Plastic;Whitney.Keebler@hotmail.com;303.815.7257;Representative;../fake-data/blob/hipster.txt
