id;user_name;user_id;member_type;member_id;phone_number;email_id;password;activation_status;activation_code
1;Creative;Account Account Supervisor;Soft hard;override;paradigms scalable invoice;Devolved Finland;Concrete Computers;synergistic;panel
2;Handmade Awesome cutting-edge;Industrial Borders;Identity grid-enabled HTTP;connect Gloves Functionality;Liaison;communities infomediaries world-class;Squares;Account Chips;line
3;Devolved Nevada Soft;Account Berkshire;Steel withdrawal Applications;parse;calculating;Wisconsin collaborative;white implement;revolutionize;up
4;up Innovative;Western back-end Borders;red Baby;haptic;portals Dominican;Auto Concrete;infomediaries Frozen bandwidth-monitored;up Associate;e-business fuchsia
5;Nevada;Frozen;up Graphical indexing;SAS Outdoors deposit;contextually-based Multi-channelled;Licensed payment Investment;maroon;hack;Configurable Bulgarian
6;Soft Steel copy;Fresh;help-desk Adaptive Ridge;Coordinator Nicaragua;mint cross-platform Concrete;Rubber communities Keyboard;Intelligent firewall card;Soft magnetic Future;Car
7;interface;Avon;Gibraltar Steel Fish;Croatian Lodge;index Lodge;Fantastic Licensed;Guinea backing lavender;Pataca;deposit Quality-focused Rustic
8;core Gorgeous;deposit;paradigms Liaison;Forward;Beauty;Loan;mobile orchid Industrial;olive;lavender Buckinghamshire
9;bus algorithm;cross-platform Dinar platforms;functionalities Sausages;B2B;brand;human-resource indexing Belize;Summit capacitor;array;copying utilize
10;Movies West payment;Polarised Metal Communications;Yen;Licensed;synergies incentivize;e-business Electronics;azure drive superstructure;optical Frozen District;Designer Carolina
