id;member_type;description;image_url
1;array Michigan;Brooks;../fake-data/blob/hipster.txt
2;AGP;silver;../fake-data/blob/hipster.txt
3;payment Serbian Hat;Martin SQL Movies;../fake-data/blob/hipster.txt
4;paradigm Account Account;Coordinator;../fake-data/blob/hipster.txt
5;Metal Taiwan;Gibraltar aggregate;../fake-data/blob/hipster.txt
6;reintermediate;Berkshire;../fake-data/blob/hipster.txt
7;Mandatory Outdoors synthesize;Computer channels;../fake-data/blob/hipster.txt
8;Health Executive;out-of-the-box Home productize;../fake-data/blob/hipster.txt
9;quantifying;Michigan;../fake-data/blob/hipster.txt
10;User-centric Toys;Fresh Games;../fake-data/blob/hipster.txt
