id;title;sub_title;image_url;status;country;start_date;end_date;deal_url
1;Metal Producer withdrawal;sensor;Indiana end-to-end;Cambridgeshire driver Fords;Ecuador;withdrawal bricks-and-clicks payment;Lari copying;approach Home
2;Global;New;homogeneous;Soft disintermediate;Mexico;SMS parse;Chips Mews Ball;Music incubate
3;El deposit;innovate;reboot;haptic Wyoming;Bouvet Island (Bouvetoya);Alabama payment;withdrawal hour Music;Grenada
4;paradigms;Outdoors Infrastructure PCI;Business-focused;pricing;Israel;sexy Awesome;Garden Adaptive Metrics;deliver improvement red
5;calculating Cloned holistic;Polarised Advanced Engineer;end-to-end;Luxembourg solution;Indonesia;Botswana transmit;microchip;calculate
6;Island;Avon Metal;Dinar;applications;Pitcairn Islands;Buckinghamshire;Pizza Mouse Supervisor;Lebanese Functionality
7;Valley Naira;Pennsylvania Music Focused;interactive SCSI;back cross-platform Plastic;United States of America;virtual;Fresh Dinar;harness green Wooden
8;Handmade Organic navigate;infomediaries Car;Wooden hacking Fresh;multi-byte Identity;Reunion;Customer Estate;benchmark;Sports coherent National
9;Executive Forward Borders;Architect;Chief;Toys;Bangladesh;Delaware Borders;Administrator Future;channels Dinar optimize
10;Beauty Identity withdrawal;visualize;Direct;Pants Administrator;Djibouti;Intelligent Intelligent Chair;Open-source up;Towels
